<?xml version="1.0"?>
<APPLICATION_CONFIGURATION>
  <EXPORT_DEF_VERSION>1</EXPORT_DEF_VERSION>
  <PACKAGE_ID>2EFC0511AF084A548824BE64515C4007</PACKAGE_ID>
  <NAME>APT Configurations</NAME>
  <DESCRIPTION>APT Configurations</DESCRIPTION>
  <AUTHOR>DEV_CUST must change for PROD</AUTHOR>
  <VERSION>v1.1.1</VERSION>
  <VERSION_TIME_STAMP>2024-10-02-09.25.43</VERSION_TIME_STAMP>
  <ORIGIN>CLOUDCDB-DEV_CUST-DEV_INST</ORIGIN>
  <LAST_MODIFIED_DATE>2024-10-02-09.25.42</LAST_MODIFIED_DATE>
  <ITEMS>
    <ITEMS_ROW>
      <NAME>APT Licensing</NAME>
      <TYPE>CUSTOM_LU</TYPE>
      <DESCRIPTION/>
      <FILENAME>CustomLogicalUnit-AptLicensing.xml</FILENAME>
    </ITEMS_ROW>
    <ITEMS_ROW>
      <NAME>AptLicensing</NAME>
      <TYPE>CUSTOM_PROJECTION</TYPE>
      <DESCRIPTION>APT Licensing</DESCRIPTION>
      <FILENAME>CustomProjection-AptLicensing.xml</FILENAME>
    </ITEMS_ROW>
    <ITEMS_ROW>
      <NAME>APT Context</NAME>
      <TYPE>CONFIG_CONTEXT</TYPE>
      <DESCRIPTION>APT Context</DESCRIPTION>
      <FILENAME>ConfigurationContext-AptContext.xml</FILENAME>
    </ITEMS_ROW>
    <ITEMS_ROW>
      <NAME>APT Licensing Overview</NAME>
      <TYPE>CUSTOM_LU</TYPE>
      <DESCRIPTION/>
      <FILENAME>CustomLogicalUnit-AptLicensingOverview.xml</FILENAME>
    </ITEMS_ROW>
    <ITEMS_ROW>
      <NAME>AptLicensing</NAME>
      <TYPE>CUSTOM_PROJCONFIG</TYPE>
      <DESCRIPTION/>
      <FILENAME>ProjectionConfiguration-AptLicensing.xml</FILENAME>
    </ITEMS_ROW>
    <ITEMS_ROW>
      <NAME>AptContext</NAME>
      <TYPE>NAV_CONFIG</TYPE>
      <DESCRIPTION>Navigator Configuration for Context : AptContext</DESCRIPTION>
      <FILENAME>NavigatorConfiguration-AptContext.xml</FILENAME>
    </ITEMS_ROW>
    <ITEMS_ROW>
      <NAME>Client Details</NAME>
      <TYPE>CUSTOM_ENUMERATION</TYPE>
      <DESCRIPTION/>
      <FILENAME>CustomEnumeration-AptLicensingClient.xml</FILENAME>
    </ITEMS_ROW>
    <ITEMS_ROW>
      <NAME>AptLicensing</NAME>
      <TYPE>AURENA_PAGE_GROUP</TYPE>
      <DESCRIPTION>APT Licensing</DESCRIPTION>
      <FILENAME>AurenaPageGroup-ClientMetadata.client.AptLicensing.xml</FILENAME>
    </ITEMS_ROW>
  </ITEMS>
  <ADDITIONAL_ITEMS/>
</APPLICATION_CONFIGURATION>
