<?xml version="1.0"?>
<CUSTOM_OBJECT>
  <NAME>Client Details</NAME>
  <TYPE>CUSTOM_ENUMERATION</TYPE>
  <DESCRIPTION/>
  <CUSTOM_ENUMERATION EXPORT_DEF_VERSION="1">
    <TYPE>CUSTOM_ENUMERATION</TYPE>
    <LU>AptLicensingClient</LU>
    <MODULE>CONFIG</MODULE>
    <PROMPT>Client Details</PROMPT>
    <PACKAGE_NAME>APT_LICENSING_CLIENT_CFP</PACKAGE_NAME>
    <DEFINITION_MODIFIED_DATE>2024-09-21-09.37.17</DEFINITION_MODIFIED_DATE>
    <EXPORT_DATE>2024-10-02-11.58.58</EXPORT_DATE>
    <NOTE/>
    <USED_DB>TRUE</USED_DB>
    <ROWKEY>C2667B810EBD487BA2B857F8E1272EAF</ROWKEY>
    <ENUM_VALUES>
      <ENUM_VALUES_ROW>
        <DB_VALUE>IFS</DB_VALUE>
        <CLIENT_VALUE>IFS R&amp;D International</CLIENT_VALUE>
        <SEQ_NO>2</SEQ_NO>
        <USED_DB>TRUE</USED_DB>
        <ROWKEY>743DE5687CBB4237B0C3AE8455311971</ROWKEY>
      </ENUM_VALUES_ROW>
      <ENUM_VALUES_ROW>
        <DB_VALUE>PLATNED</DB_VALUE>
        <CLIENT_VALUE>Platned (Pvt) Ltd.</CLIENT_VALUE>
        <SEQ_NO>1</SEQ_NO>
        <USED_DB>TRUE</USED_DB>
        <ROWKEY>E1A177C3EA984E2A862F1DC5ED010699</ROWKEY>
      </ENUM_VALUES_ROW>
    </ENUM_VALUES>
    <TRANSLATIONS>
  </TRANSLATIONS>
  </CUSTOM_ENUMERATION>
</CUSTOM_OBJECT>
