<?xml version="1.0"?>
<CUSTOM_OBJECT>
  <NAME>AptLicensing</NAME>
  <TYPE>CUSTOM_PROJECTION</TYPE>
  <DESCRIPTION>--</DESCRIPTION>
  <CUSTOM_PROJECTION>
    <PROJECTION_NAME>AptLicensing</PROJECTION_NAME>
    <PROJECTION_PACKAGE>APT_LICENSING_SVC</PROJECTION_PACKAGE>
    <CATEGORY>Users</CATEGORY>
    <DESCRIPTION>APT Licensing</DESCRIPTION>
    <PUBLISHED>TRUE</PUBLISHED>
    <DEFINITION_MODIFIED_DATE>2024-10-02-10.25.10</DEFINITION_MODIFIED_DATE>
    <PUBLISHED_DATE>2024-10-02-10.50.02</PUBLISHED_DATE>
    <DEFAULT_CREATED/>
    <DEFAULT_FOR_TYPE/>
    <ROWKEY>67465AD84B7448CBAE09EBFE9F9EC4DD</ROWKEY>
  </CUSTOM_PROJECTION>
</CUSTOM_OBJECT>
