<?xml version="1.0"?>
<CUSTOM_OBJECT>
  <NAME>AptContext</NAME>
  <TYPE>NAV_CONFIG</TYPE>
  <DESCRIPTION>Navigator Configuration for Context : AptContext</DESCRIPTION>
  <DEFINITION_MODIFIED_DATE>2024-09-21-19.39.20</DEFINITION_MODIFIED_DATE>
  <NAVIGATOR_CONFIGURATION EXPORT_DEF_VERSION="1">
    <NAVIGATOR_SCOPE>AptContext</NAVIGATOR_SCOPE>
    <NAVIGATOR_SCOPE_LABEL>APT Context</NAVIGATOR_SCOPE_LABEL>
    <NAVIGATOR_SCOPE_ROWKEY>30CE1D0084DF479CAAED60752CA7C8F1</NAVIGATOR_SCOPE_ROWKEY>
    <NAVIGATOR_ENTRY>
      <NAVIGATOR_ENTRY_ROW>
        <DEFINITION_MODIFIED_DATE>2024-09-21-12.16.15</DEFINITION_MODIFIED_DATE>
        <ENTRY_NAME>AptLicensing.APTLicensing7930</ENTRY_NAME>
        <LABEL>APT Licensing</LABEL>
        <ENTRY_TYPE>PAGE</ENTRY_TYPE>
        <ENTRY_COMMAND>AptLicensingPage</ENTRY_COMMAND>
        <CLIENT_ORIGIN>AptLicensing</CLIENT_ORIGIN>
        <PROJECTION>AptLicensing</PROJECTION>
        <SELECTOR/>
        <FILTER/>
        <ACTION/>
        <ROWKEY>D525946CC07B44569705701DC4DDFF12</ROWKEY>
        <LAYER_NO>2</LAYER_NO>
        <CONTEXT/>
        <HOME_FOR_ENTITY/>
      </NAVIGATOR_ENTRY_ROW>
      <NAVIGATOR_ENTRY_ROW>
        <DEFINITION_MODIFIED_DATE>2024-09-21-19.39.20</DEFINITION_MODIFIED_DATE>
        <ENTRY_NAME>FndadmNavigator.PlatnedTestMatic114</ENTRY_NAME>
        <LABEL>Platned Pass</LABEL>
        <ENTRY_TYPE>MENU</ENTRY_TYPE>
        <ENTRY_COMMAND/>
        <CLIENT_ORIGIN>FndadmNavigator</CLIENT_ORIGIN>
        <PROJECTION>FndadmNavigator</PROJECTION>
        <SELECTOR/>
        <FILTER/>
        <ACTION/>
        <ROWKEY>073A3E9AB4E245199E4A6883E7BF1C3E</ROWKEY>
        <LAYER_NO>2</LAYER_NO>
        <CONTEXT/>
        <HOME_FOR_ENTITY/>
      </NAVIGATOR_ENTRY_ROW>
    </NAVIGATOR_ENTRY>
    <NAVIGATOR_STRUCTURE>
      <NAVIGATOR_STRUCTURE_ROW>
        <DEFINITION_MODIFIED_DATE>2024-09-21-19.39.20</DEFINITION_MODIFIED_DATE>
        <CHILD_ENTRY_NAME>FndadmNavigator.PlatnedTestMatic114</CHILD_ENTRY_NAME>
        <PARENT_ENTRY_NAME>FndadmNavigator.IntegrationFolder</PARENT_ENTRY_NAME>
        <ORDINAL>510</ORDINAL>
        <CLIENT_ORIGIN>FndadmNavigator</CLIENT_ORIGIN>
        <ROWKEY>622A3BE8A91648C58DD2C76F86A9CB01</ROWKEY>
        <LAYER_NO>2</LAYER_NO>
        <SCOPE_ID>AptContext</SCOPE_ID>
        <VISIBILITY>PUBLIC</VISIBILITY>
        <HIDDEN>FALSE</HIDDEN>
      </NAVIGATOR_STRUCTURE_ROW>
      <NAVIGATOR_STRUCTURE_ROW>
        <DEFINITION_MODIFIED_DATE>2024-09-21-12.16.15</DEFINITION_MODIFIED_DATE>
        <CHILD_ENTRY_NAME>AptLicensing.APTLicensing7930</CHILD_ENTRY_NAME>
        <PARENT_ENTRY_NAME>FndadmNavigator.PlatnedTestMatic114</PARENT_ENTRY_NAME>
        <ORDINAL>20</ORDINAL>
        <CLIENT_ORIGIN>AptLicensing</CLIENT_ORIGIN>
        <ROWKEY>6C81BD491BFD4B4B806CEB6E0B4B4639</ROWKEY>
        <LAYER_NO>2</LAYER_NO>
        <SCOPE_ID>AptContext</SCOPE_ID>
        <VISIBILITY>PUBLIC</VISIBILITY>
        <HIDDEN>FALSE</HIDDEN>
      </NAVIGATOR_STRUCTURE_ROW>
    </NAVIGATOR_STRUCTURE>
  </NAVIGATOR_CONFIGURATION>
</CUSTOM_OBJECT>
