<?xml version="1.0"?>
<CUSTOM_OBJECT>
  <NAME>ClientMetadata.client:AptLicensing</NAME>
  <TYPE>AURENA_PAGE_GROUP</TYPE>
  <DESCRIPTION>DESCRIPTION value</DESCRIPTION>
  <WEB_PAGE_BUNDLE>
    <CUSTPAGE_PAGE_NAME>AptLicensing</CUSTPAGE_PAGE_NAME>
    <CUSTPAGE_PROJECTION_NAME>AptLicensing</CUSTPAGE_PROJECTION_NAME>
    <CUSTPAGE_MODIFIED_DATE>2024-10-02-11.18.08</CUSTPAGE_MODIFIED_DATE>
    <CUSTPAGE_ROWKEY>04D864E69A6D40BB8AC69BCCCBBF3874</CUSTPAGE_ROWKEY>
    <MODEL_ID>ClientMetadata.client:AptLicensing</MODEL_ID>
    <DESCRIPTION>APT Licensing</DESCRIPTION>
    <ARTIFACT>client</ARTIFACT>
    <NAME>AptLicensing</NAME>
    <KIND>ClientMetadata</KIND>
    <REFERENCE>ClientMetadata.projection:AptLicensing</REFERENCE>
    <VERSION>2024-10-02-12.25.53</VERSION>
    <TEMPLATE>{&quot;name&quot;:&quot;AptLicensing&quot;,&quot;component&quot;: &quot;CONFIG&quot;,&quot;version&quot;:&quot;[#[generate:version]#]&quot;,&quot;id&quot;:&quot;ClientMetadata.client:AptLicensing&quot;,&quot;projection&quot;:[#[reference:projection:AptLicensing]#],&quot;layout&quot;:{&quot;commands&quot;: {[#[jsonnamedcontent:kind:command]#]},&quot;groups&quot;: {[#[jsonnamedcontent:kind:group]#]},&quot;lists&quot;: {[#[jsonnamedcontent:kind:list]#]},&quot;pages&quot;: {[#[jsonnamedcontent:kind:page]#]},&quot;selectors&quot;: {[#[jsonnamedcontent:kind:selector]#]}}}</TEMPLATE>
    <DATA>
      <DATA_ROW>
        <OBJKEY>4AB19F3B36AD4A5B8DD65F00A5DC9A2F</OBJKEY>
        <SCOPE_ID>AptContext</SCOPE_ID>
        <DATA_ID>command:CPEGEN_AptLicensingPage_NavigateTo_Application_Configuration_Package</DATA_ID>
        <ARTIFACT>command</ARTIFACT>
        <NAME>CPEGEN_AptLicensingPage_NavigateTo_Application_Configuration_Package</NAME>
        <LINE_NO>99999</LINE_NO>
        <LAYER_NO>2</LAYER_NO>
        <VISIBILITY>Public</VISIBILITY>
        <REFERENCE/>
        <DEPENDENCIES/>
        <CONTENT>{&quot;name&quot;:&quot;CPEGEN_AptLicensingPage_NavigateTo_Application_Configuration_Package&quot;,&quot;label&quot;:&quot;[#[translatesys:Command:[AptContext].AptLicensing.command.CPEGEN_AptLicensingPage_NavigateTo_Application_Configuration_Package.$this:$this:CONFIGCLIENT:Application Configuration Package]#]&quot;,&quot;execute&quot;:[{&quot;call&quot;:{&quot;method&quot;:&quot;navigate&quot;,&quot;args&quot;:{&quot;url&quot;:&quot;https://cloud.platnedcloud.com/main/ifsapplications/web/page/AppConfigPackageHandling/ApplicationConfigurationPackagePage;path=0.1656053651.1188772997.1959103492.209999989;record=KFBhY2thZ2VJZD0nMkVGQzA1MTFBRjA4NEE1NDg4MjRCRTY0NTE1QzQwMDcnKQ%3D%3D;$filter=%28startswith%28tolower%28Name%29,&apos;apt%20configurations&apos;%29%29&quot;}}}],&quot;context&quot;:&quot;record&quot;,&quot;enabled&quot;:true}</CONTENT>
      </DATA_ROW>
      <DATA_ROW>
        <OBJKEY>98952FF61DE74374AA42A38C2F086F82</OBJKEY>
        <SCOPE_ID>AptContext</SCOPE_ID>
        <DATA_ID>command:CPEGEN_AptLicensingPage_NavigateTo_Configuration_Context_Mappings</DATA_ID>
        <ARTIFACT>command</ARTIFACT>
        <NAME>CPEGEN_AptLicensingPage_NavigateTo_Configuration_Context_Mappings</NAME>
        <LINE_NO>99999</LINE_NO>
        <LAYER_NO>2</LAYER_NO>
        <VISIBILITY>Public</VISIBILITY>
        <REFERENCE/>
        <DEPENDENCIES/>
        <CONTENT>{&quot;name&quot;:&quot;CPEGEN_AptLicensingPage_NavigateTo_Configuration_Context_Mappings&quot;,&quot;label&quot;:&quot;[#[translatesys:Command:[AptContext].AptLicensing.command.CPEGEN_AptLicensingPage_NavigateTo_Configuration_Context_Mappings.$this:$this:CONFIGCLIENT:Configuration Context Mappings]#]&quot;,&quot;execute&quot;:[{&quot;call&quot;:{&quot;method&quot;:&quot;navigate&quot;,&quot;args&quot;:{&quot;url&quot;:&quot;https://cloud.platnedcloud.com/main/ifsapplications/web/page/ConfigurationContextAdmin/ConfigurationContextMappings;path=0.1656053651.1188772997.383352743;$filter=ScopeId%20eq%20&apos;AptContext&apos;&quot;}}}],&quot;context&quot;:&quot;record&quot;,&quot;enabled&quot;:true}</CONTENT>
      </DATA_ROW>
      <DATA_ROW>
        <OBJKEY>5F21EE9944FB4FB49CEDF654C73CE7E7</OBJKEY>
        <SCOPE_ID>AptContext</SCOPE_ID>
        <DATA_ID>command:CPEGEN_AptLicensingPage_NavigateTo_Custom_Enumeration</DATA_ID>
        <ARTIFACT>command</ARTIFACT>
        <NAME>CPEGEN_AptLicensingPage_NavigateTo_Custom_Enumeration</NAME>
        <LINE_NO>99999</LINE_NO>
        <LAYER_NO>2</LAYER_NO>
        <VISIBILITY>Public</VISIBILITY>
        <REFERENCE/>
        <DEPENDENCIES/>
        <CONTENT>{&quot;name&quot;:&quot;CPEGEN_AptLicensingPage_NavigateTo_Custom_Enumeration&quot;,&quot;label&quot;:&quot;[#[translatesys:Command:[AptContext].AptLicensing.command.CPEGEN_AptLicensingPage_NavigateTo_Custom_Enumeration.$this:$this:CONFIGCLIENT:Custom Enumeration]#]&quot;,&quot;execute&quot;:[{&quot;call&quot;:{&quot;method&quot;:&quot;navigate&quot;,&quot;args&quot;:{&quot;url&quot;:&quot;https://cloud.platnedcloud.com/main/ifsapplications/web/page/EnumConfigHandling/CustomEnumerationPage;path=0.1656053651.1188772997.763550837;record=KEx1PSdBcHRMaWNlbnNpbmdDbGllbnQnKQ%3D%3D;$filter=%28startswith%28tolower%28Lu%29,&apos;aptlicensing&apos;%29%29&quot;}}}],&quot;context&quot;:&quot;record&quot;,&quot;enabled&quot;:true}</CONTENT>
      </DATA_ROW>
      <DATA_ROW>
        <OBJKEY>C4ADAC146266448394042BBBAE9EC58C</OBJKEY>
        <SCOPE_ID>AptContext</SCOPE_ID>
        <DATA_ID>command:CPEGEN_AptLicensingPage_NavigateTo_Entity_Configuration</DATA_ID>
        <ARTIFACT>command</ARTIFACT>
        <NAME>CPEGEN_AptLicensingPage_NavigateTo_Entity_Configuration</NAME>
        <LINE_NO>99999</LINE_NO>
        <LAYER_NO>2</LAYER_NO>
        <VISIBILITY>Public</VISIBILITY>
        <REFERENCE/>
        <DEPENDENCIES/>
        <CONTENT>{&quot;name&quot;:&quot;CPEGEN_AptLicensingPage_NavigateTo_Entity_Configuration&quot;,&quot;label&quot;:&quot;[#[translatesys:Command:[AptContext].AptLicensing.command.CPEGEN_AptLicensingPage_NavigateTo_Entity_Configuration.$this:$this:CONFIGCLIENT:Entity Configuration]#]&quot;,&quot;execute&quot;:[{&quot;call&quot;:{&quot;method&quot;:&quot;navigate&quot;,&quot;args&quot;:{&quot;url&quot;:&quot;https://cloud.platnedcloud.com/main/ifsapplications/web/page/EntityConfigHandling/CustomAttributesDetail;path=0.1656053651.1188772997.553140707.498609148;$filter=%28startswith%28tolower%28Lu%29,&apos;aptlicensing&apos;%29%29;record=KEx1PSdBcHRMaWNlbnNpbmcnLEx1VHlwZT1JZnNBcHAuRW50aXR5Q29uZmlnSGFuZGxpbmcuQ3VzdG9tT2JqZWN0c1R5cGUnQ1VTVE9NX0xVJyk%3D&quot;}}}],&quot;context&quot;:&quot;record&quot;,&quot;enabled&quot;:true}</CONTENT>
      </DATA_ROW>
      <DATA_ROW>
        <OBJKEY>5FDCD90F257840F09C1B83037D23330F</OBJKEY>
        <SCOPE_ID>AptContext</SCOPE_ID>
        <DATA_ID>command:CPEGEN_AptLicensingPage_NavigateTo_Permission_Set</DATA_ID>
        <ARTIFACT>command</ARTIFACT>
        <NAME>CPEGEN_AptLicensingPage_NavigateTo_Permission_Set</NAME>
        <LINE_NO>99999</LINE_NO>
        <LAYER_NO>2</LAYER_NO>
        <VISIBILITY>Public</VISIBILITY>
        <REFERENCE/>
        <DEPENDENCIES/>
        <CONTENT>{&quot;name&quot;:&quot;CPEGEN_AptLicensingPage_NavigateTo_Permission_Set&quot;,&quot;label&quot;:&quot;[#[translatesys:Command:[AptContext].AptLicensing.command.CPEGEN_AptLicensingPage_NavigateTo_Permission_Set.$this:$this:CONFIGCLIENT:Permission Set]#]&quot;,&quot;execute&quot;:[{&quot;call&quot;:{&quot;method&quot;:&quot;navigate&quot;,&quot;args&quot;:{&quot;url&quot;:&quot;https://cloud.platnedcloud.com/main/ifsapplications/web/page/PermissionSetHandling/PermissionSetProjections;$filter=%28startswith%28Role,&apos;PLATNED_PASS_PERMISSION&apos;%29%29;record=KFJvbGU9J1BMQVRORURfUEFTU19QRVJNSVNTSU9OJyk%3D;path=0.1656053651.1651011761.1372228710.1368688955.1784498491;searchtimezones=:undefined&quot;}}}],&quot;context&quot;:&quot;record&quot;,&quot;enabled&quot;:true}</CONTENT>
      </DATA_ROW>
      <DATA_ROW>
        <OBJKEY>A7BD334DD3994E238B7004F516134731</OBJKEY>
        <SCOPE_ID>AptContext</SCOPE_ID>
        <DATA_ID>command:CPEGEN_AptLicensingPage_NavigateTo_Permission_Set_1</DATA_ID>
        <ARTIFACT>command</ARTIFACT>
        <NAME>CPEGEN_AptLicensingPage_NavigateTo_Permission_Set_1</NAME>
        <LINE_NO>99999</LINE_NO>
        <LAYER_NO>2</LAYER_NO>
        <VISIBILITY>Public</VISIBILITY>
        <REFERENCE/>
        <DEPENDENCIES/>
        <CONTENT>{&quot;name&quot;:&quot;CPEGEN_AptLicensingPage_NavigateTo_Permission_Set_1&quot;,&quot;label&quot;:&quot;[#[translatesys:Command:[AptContext].AptLicensing.command.CPEGEN_AptLicensingPage_NavigateTo_Permission_Set_1.$this:$this:CONFIGCLIENT:Permission Set]#]&quot;,&quot;execute&quot;:[{&quot;call&quot;:{&quot;method&quot;:&quot;navigate&quot;,&quot;args&quot;:{&quot;url&quot;:&quot;https://cloud.platnedcloud.com/main/ifsapplications/web/page/PermissionSetHandling/PermissionSet;$filter=%28startswith%28Role,&apos;PLATNED_PASS_PERMISSION&apos;%29%29;path=0.1656053651.1651011761.1372228710.1368688955;record=KFJvbGU9J1BMQVRORURfUEFTU19QRVJNSVNTSU9OJyk%3D;searchtimezones=:undefined&quot;}}}],&quot;context&quot;:&quot;record&quot;,&quot;enabled&quot;:true}</CONTENT>
      </DATA_ROW>
      <DATA_ROW>
        <OBJKEY>01117DEBAAA64C56A4F50987BA212505</OBJKEY>
        <SCOPE_ID>AptContext</SCOPE_ID>
        <DATA_ID>command:CPEGEN_AptLicensingPage_NavigateTo_Projection_Configuration</DATA_ID>
        <ARTIFACT>command</ARTIFACT>
        <NAME>CPEGEN_AptLicensingPage_NavigateTo_Projection_Configuration</NAME>
        <LINE_NO>99999</LINE_NO>
        <LAYER_NO>2</LAYER_NO>
        <VISIBILITY>Public</VISIBILITY>
        <REFERENCE/>
        <DEPENDENCIES/>
        <CONTENT>{&quot;name&quot;:&quot;CPEGEN_AptLicensingPage_NavigateTo_Projection_Configuration&quot;,&quot;label&quot;:&quot;[#[translatesys:Command:[AptContext].AptLicensing.command.CPEGEN_AptLicensingPage_NavigateTo_Projection_Configuration.$this:$this:CONFIGCLIENT:Projection Configuration]#]&quot;,&quot;execute&quot;:[{&quot;call&quot;:{&quot;method&quot;:&quot;navigate&quot;,&quot;args&quot;:{&quot;url&quot;:&quot;https://cloud.platnedcloud.com/main/ifsapplications/web/page/ProjectionConfigHandling/ProjectionConfigDetail;path=0.1656053651.1188772997.819806053.1415667873;record=KFByb2plY3Rpb25OYW1lPSdBcHRMaWNlbnNpbmcnKQ%3D%3D;$filter=%28startswith%28tolower%28ProjectionName%29,&apos;aptlicensing&apos;%29%29&quot;}}}],&quot;context&quot;:&quot;record&quot;,&quot;enabled&quot;:true}</CONTENT>
      </DATA_ROW>
      <DATA_ROW>
        <OBJKEY>797DF60909A448B9BCC9B95847DDB6C3</OBJKEY>
        <SCOPE_ID>AptContext</SCOPE_ID>
        <DATA_ID>group:AptLicensingOverviewGroup</DATA_ID>
        <ARTIFACT>group</ARTIFACT>
        <NAME>AptLicensingOverviewGroup</NAME>
        <LINE_NO>99999</LINE_NO>
        <LAYER_NO>2</LAYER_NO>
        <VISIBILITY>Public</VISIBILITY>
        <REFERENCE/>
        <DEPENDENCIES/>
        <CONTENT>{&quot;content&quot;:[{&quot;elementType&quot;:&quot;field&quot;,&quot;field&quot;:{&quot;entity&quot;:&quot;AptLicensingOverview&quot;,&quot;datatype&quot;:&quot;Enumeration&quot;,&quot;required&quot;:true,&quot;control&quot;:&quot;field&quot;,&quot;label&quot;:&quot;[#[translatesys:Data Field:[AptContext].AptLicensing.group.AptLicensingOverviewGroup.content.field.Cf_Client_Id:Cf_Client_Id:CONFIGCLIENT:Client]#]&quot;,&quot;attribute&quot;:&quot;Cf_Client_Id&quot;,&quot;name&quot;:&quot;Cf_Client_Id&quot;,&quot;editable&quot;:true,&quot;maxlength&quot;:200,&quot;enumeration&quot;:&quot;CfEnum_AptLicensingClient&quot;}},{&quot;elementType&quot;:&quot;field&quot;,&quot;field&quot;:{&quot;entity&quot;:&quot;AptLicensingOverview&quot;,&quot;datatype&quot;:&quot;Boolean&quot;,&quot;required&quot;:true,&quot;control&quot;:&quot;field&quot;,&quot;label&quot;:&quot;[#[translatesys:Data Field:[AptContext].AptLicensing.group.AptLicensingOverviewGroup.content.field.Cf_Active:Cf_Active:CONFIGCLIENT:Active]#]&quot;,&quot;attribute&quot;:&quot;Cf_Active&quot;,&quot;name&quot;:&quot;Cf_Active&quot;,&quot;editable&quot;:true}},{&quot;elementType&quot;:&quot;field&quot;,&quot;field&quot;:{&quot;entity&quot;:&quot;AptLicensingOverview&quot;,&quot;datatype&quot;:&quot;Number&quot;,&quot;required&quot;:true,&quot;control&quot;:&quot;field&quot;,&quot;label&quot;:&quot;[#[translatesys:Data Field:[AptContext].AptLicensing.group.AptLicensingOverviewGroup.content.field.Cf_License_Purchased:Cf_License_Purchased:CONFIGCLIENT:License Purchased]#]&quot;,&quot;attribute&quot;:&quot;Cf_License_Purchased&quot;,&quot;name&quot;:&quot;Cf_License_Purchased&quot;,&quot;editable&quot;:true}},{&quot;elementType&quot;:&quot;field&quot;,&quot;field&quot;:{&quot;entity&quot;:&quot;AptLicensingOverview&quot;,&quot;datatype&quot;:&quot;Number&quot;,&quot;required&quot;:false,&quot;control&quot;:&quot;field&quot;,&quot;label&quot;:&quot;[#[translatesys:Data Field:[AptContext].AptLicensing.group.AptLicensingOverviewGroup.content.field.Cf_License_Consumed:Cf_License_Consumed:CONFIGCLIENT:License Consumed]#]&quot;,&quot;attribute&quot;:&quot;Cf_License_Consumed&quot;,&quot;name&quot;:&quot;Cf_License_Consumed&quot;,&quot;editable&quot;:false}}],&quot;name&quot;:&quot;AptLicensingOverviewGroup&quot;,&quot;label&quot;:&quot;[#[translatesys:Group Box:[AptContext].AptLicensing.group.AptLicensingOverviewGroup.$this:$this:CONFIGCLIENT:AptLicensingOverviewGroup]#]&quot;,&quot;collapsed&quot;:false,&quot;visible&quot;:true,&quot;showLabel&quot;:false,&quot;entity&quot;:&quot;AptLicensingOverview&quot;,&quot;@[DIFF]PACKED&quot;:{&quot;content&quot;:{&quot;0&quot;:{&quot;@[DIFF]ID&quot;:&quot;e17e0f9a7714da7b3dddd6f58b7beedb6e64b336&quot;},&quot;1&quot;:{&quot;@[DIFF]ID&quot;:&quot;8b2b7c0232e3ab150f10d47fc2217c2c5df869e7&quot;},&quot;2&quot;:{&quot;@[DIFF]ID&quot;:&quot;e484f20a0b7e1e2d581550fb33edfe84fb0e5400&quot;},&quot;3&quot;:{&quot;@[DIFF]ID&quot;:&quot;208b676a5816c94664efbbb136ff805cfb597a62&quot;}}}}</CONTENT>
      </DATA_ROW>
      <DATA_ROW>
        <OBJKEY>B43BCD62AA5949D9858B100023547976</OBJKEY>
        <SCOPE_ID>AptContext</SCOPE_ID>
        <DATA_ID>list:AptLicensingList</DATA_ID>
        <ARTIFACT>list</ARTIFACT>
        <NAME>AptLicensingList</NAME>
        <LINE_NO>99999</LINE_NO>
        <LAYER_NO>2</LAYER_NO>
        <VISIBILITY>Public</VISIBILITY>
        <REFERENCE/>
        <DEPENDENCIES/>
        <CONTENT>{&quot;name&quot;:&quot;AptLicensingList&quot;,&quot;label&quot;:&quot;[#[translatesys:Table Window:[AptContext].AptLicensing.list.AptLicensingList.$this:$this:CONFIGCLIENT:AptLicensingList]#]&quot;,&quot;entity&quot;:&quot;AptLicensing&quot;,&quot;content&quot;:[{&quot;elementType&quot;:&quot;field&quot;,&quot;field&quot;:{&quot;entity&quot;:&quot;AptLicensing&quot;,&quot;datatype&quot;:&quot;Boolean&quot;,&quot;required&quot;:false,&quot;control&quot;:&quot;field&quot;,&quot;label&quot;:&quot;[#[translatesys:Data Field:[AptContext].AptLicensing.list.AptLicensingList.content.field.Cf_Active:Cf_Active:CONFIGCLIENT:Active]#]&quot;,&quot;attribute&quot;:&quot;Cf_Active&quot;,&quot;name&quot;:&quot;Cf_Active&quot;,&quot;editable&quot;:{&quot;!=&quot;:[{&quot;var&quot;:&quot;record.parent.Cf_License_Consumed&quot;},{&quot;var&quot;:&quot;record.parent.Cf_License_Purchased&quot;}],&quot;@type&quot;:&quot;JsonLogic&quot;}}},{&quot;elementType&quot;:&quot;field&quot;,&quot;field&quot;:{&quot;entity&quot;:&quot;AptLicensing&quot;,&quot;datatype&quot;:&quot;Enumeration&quot;,&quot;required&quot;:false,&quot;control&quot;:&quot;field&quot;,&quot;label&quot;:&quot;[#[translatesys:Data Field:[AptContext].AptLicensing.list.AptLicensingList.content.field.Cf_Client_Id:Cf_Client_Id:CONFIGCLIENT:Client Id]#]&quot;,&quot;attribute&quot;:&quot;Cf_Client_Id&quot;,&quot;name&quot;:&quot;Cf_Client_Id&quot;,&quot;editable&quot;:false,&quot;maxlength&quot;:200,&quot;enumeration&quot;:&quot;CfEnum_AptLicensingClient&quot;}},{&quot;elementType&quot;:&quot;field&quot;,&quot;field&quot;:{&quot;entity&quot;:&quot;AptLicensing&quot;,&quot;datatype&quot;:&quot;Date&quot;,&quot;required&quot;:true,&quot;control&quot;:&quot;field&quot;,&quot;label&quot;:&quot;[#[translatesys:Data Field:[AptContext].AptLicensing.list.AptLicensingList.content.field.Cf_Purchase_Date:Cf_Purchase_Date:CONFIGCLIENT:Purchase Date]#]&quot;,&quot;attribute&quot;:&quot;Cf_Purchase_Date&quot;,&quot;name&quot;:&quot;Cf_Purchase_Date&quot;,&quot;editable&quot;:true}},{&quot;elementType&quot;:&quot;field&quot;,&quot;field&quot;:{&quot;entity&quot;:&quot;AptLicensing&quot;,&quot;datatype&quot;:&quot;Date&quot;,&quot;required&quot;:true,&quot;control&quot;:&quot;field&quot;,&quot;label&quot;:&quot;[#[translatesys:Data Field:[AptContext].AptLicensing.list.AptLicensingList.content.field.Cf_Expiry_Date:Cf_Expiry_Date:CONFIGCLIENT:Expiry Date]#]&quot;,&quot;attribute&quot;:&quot;Cf_Expiry_Date&quot;,&quot;name&quot;:&quot;Cf_Expiry_Date&quot;,&quot;editable&quot;:true}},{&quot;elementType&quot;:&quot;field&quot;,&quot;field&quot;:{&quot;entity&quot;:&quot;AptLicensing&quot;,&quot;datatype&quot;:&quot;Text&quot;,&quot;required&quot;:true,&quot;control&quot;:&quot;field&quot;,&quot;label&quot;:&quot;[#[translatesys:Data Field:[AptContext].AptLicensing.list.AptLicensingList.content.field.Cf_License_Key:Cf_License_Key:CONFIGCLIENT:License Key]#]&quot;,&quot;attribute&quot;:&quot;Cf_License_Key&quot;,&quot;name&quot;:&quot;Cf_License_Key&quot;,&quot;editable&quot;:false,&quot;maxlength&quot;:20,&quot;format&quot;:&quot;uppercase&quot;}},{&quot;elementType&quot;:&quot;field&quot;,&quot;field&quot;:{&quot;entity&quot;:&quot;AptLicensing&quot;,&quot;datatype&quot;:&quot;Text&quot;,&quot;required&quot;:false,&quot;control&quot;:&quot;field&quot;,&quot;label&quot;:&quot;[#[translatesys:Data Field:[AptContext].AptLicensing.list.AptLicensingList.content.field.Cf_Mac_Address:Cf_Mac_Address:CONFIGCLIENT:MAC Address]#]&quot;,&quot;attribute&quot;:&quot;Cf_Mac_Address&quot;,&quot;name&quot;:&quot;Cf_Mac_Address&quot;,&quot;editable&quot;:true,&quot;maxlength&quot;:50}}],&quot;crudactions&quot;:{&quot;copy&quot;:{&quot;enabled&quot;:false},&quot;delete&quot;:{&quot;enabled&quot;:{&quot;and&quot;:[{&quot;==&quot;:[{&quot;var&quot;:&quot;record.parent.Cf_License_Consumed&quot;},{&quot;var&quot;:&quot;record.parent.Cf_License_Purchased&quot;}]},{&quot;==&quot;:[{&quot;var&quot;:&quot;record.Cf_Active&quot;},false]}],&quot;@type&quot;:&quot;JsonLogic&quot;}},&quot;duplicate&quot;:{&quot;enabled&quot;:false},&quot;new&quot;:{&quot;enabled&quot;:{&quot;and&quot;:[{&quot;!=&quot;:[{&quot;var&quot;:&quot;record.parent.Cf_Active&quot;},false]},{&quot;!=&quot;:[{&quot;var&quot;:&quot;record.parent.Cf_License_Consumed&quot;},{&quot;var&quot;:&quot;record.parent.Cf_License_Purchased&quot;}]}],&quot;@type&quot;:&quot;JsonLogic&quot;}},&quot;paste&quot;:{&quot;enabled&quot;:false},&quot;edit&quot;:{&quot;enabled&quot;:{&quot;!=&quot;:[{&quot;var&quot;:&quot;record.parent.Cf_Active&quot;},false],&quot;@type&quot;:&quot;JsonLogic&quot;}}},&quot;@[DIFF]PACKED&quot;:{&quot;content&quot;:{&quot;0&quot;:{&quot;@[DIFF]ID&quot;:&quot;2b24e12741ea814202d4d2ae6623610c11a54a35&quot;},&quot;1&quot;:{&quot;@[DIFF]ID&quot;:&quot;f6b76636afe712a7069af3302c07a1236f6ecfea&quot;},&quot;2&quot;:{&quot;@[DIFF]ID&quot;:&quot;a0ae6201444792a58629b96a3121d1642bbc5f06&quot;},&quot;3&quot;:{&quot;@[DIFF]ID&quot;:&quot;7a5e9b087557aa6429cb2b864be0def8f78a9bca&quot;},&quot;4&quot;:{&quot;@[DIFF]ID&quot;:&quot;df59e3849a93f8edc62c9ee08c407b9931dc3746&quot;},&quot;5&quot;:{&quot;@[DIFF]ID&quot;:&quot;299799603422ccdc914a69a58dae327858aeb33e&quot;}}}}</CONTENT>
      </DATA_ROW>
      <DATA_ROW>
        <OBJKEY>0DBA1F2350DF40FA9BB1721FD00FE954</OBJKEY>
        <SCOPE_ID>AptContext</SCOPE_ID>
        <DATA_ID>page:AptLicensingPage</DATA_ID>
        <ARTIFACT>page</ARTIFACT>
        <NAME>AptLicensingPage</NAME>
        <LINE_NO>99999</LINE_NO>
        <LAYER_NO>2</LAYER_NO>
        <VISIBILITY>Public</VISIBILITY>
        <REFERENCE/>
        <DEPENDENCIES/>
        <CONTENT>{&quot;name&quot;:&quot;AptLicensingPage&quot;,&quot;label&quot;:&quot;[#[translatesys:Form Window:[AptContext].AptLicensing.page.AptLicensingPage.$this:$this:CONFIGCLIENT:APT Licensing]#]&quot;,&quot;datasourceProjection&quot;:&quot;AptLicensing&quot;,&quot;entity&quot;:&quot;AptLicensingOverview&quot;,&quot;content&quot;:[{&quot;elementType&quot;:&quot;selector&quot;,&quot;isReference&quot;:true,&quot;selector&quot;:&quot;AptLicensingSelector&quot;},{&quot;elementType&quot;:&quot;group&quot;,&quot;isReference&quot;:true,&quot;group&quot;:&quot;AptLicensingOverviewGroup&quot;},{&quot;elementType&quot;:&quot;list&quot;,&quot;isReference&quot;:true,&quot;list&quot;:&quot;AptLicensingList&quot;,&quot;datasource&quot;:&quot;AptLicensing.svc/Reference_AptLicensing&quot;,&quot;binding&quot;:{&quot;bindname&quot;:&quot;AptLicensingSelector&quot;,&quot;property&quot;:&quot;ClientId_to_ClientId&quot;}}],&quot;datasourceEntitySet&quot;:&quot;AptLicensingOverviewSet&quot;,&quot;commandgroups&quot;:[{&quot;content&quot;:[{&quot;type&quot;:&quot;command&quot;,&quot;name&quot;:&quot;CPEGEN_AptLicensingPage_NavigateTo_Projection_Configuration&quot;},{&quot;type&quot;:&quot;command&quot;,&quot;name&quot;:&quot;CPEGEN_AptLicensingPage_NavigateTo_Permission_Set_1&quot;},{&quot;type&quot;:&quot;command&quot;,&quot;name&quot;:&quot;CPEGEN_AptLicensingPage_NavigateTo_Entity_Configuration&quot;},{&quot;type&quot;:&quot;command&quot;,&quot;name&quot;:&quot;CPEGEN_AptLicensingPage_NavigateTo_Custom_Enumeration&quot;},{&quot;type&quot;:&quot;command&quot;,&quot;name&quot;:&quot;CPEGEN_AptLicensingPage_NavigateTo_Application_Configuration_Package&quot;},{&quot;type&quot;:&quot;command&quot;,&quot;name&quot;:&quot;CPEGEN_AptLicensingPage_NavigateTo_Configuration_Context_Mappings&quot;}],&quot;commands&quot;:[&quot;CPEGEN_AptLicensingPage_NavigateTo_Permission_Set&quot;,&quot;CPEGEN_AptLicensingPage_NavigateTo_Projection_Configuration&quot;,&quot;CPEGEN_AptLicensingPage_NavigateTo_Entity_Configuration&quot;,&quot;CPEGEN_AptLicensingPage_NavigateTo_Custom_Enumeration&quot;,&quot;CPEGEN_AptLicensingPage_NavigateTo_Application_Configuration_Package&quot;,&quot;CPEGEN_AptLicensingPage_NavigateTo_Permission_Set_1&quot;,&quot;CPEGEN_AptLicensingPage_NavigateTo_Configuration_Context_Mappings&quot;],&quot;type&quot;:&quot;commandgroup&quot;,&quot;name&quot;:&quot;Configurations&quot;,&quot;deferredEnable&quot;:false,&quot;label&quot;:&quot;&quot;}],&quot;crudactions&quot;:{&quot;duplicate&quot;:{&quot;enabled&quot;:false},&quot;copy&quot;:{&quot;enabled&quot;:false},&quot;paste&quot;:{&quot;enabled&quot;:false}},&quot;@[DIFF]PACKED&quot;:{&quot;content&quot;:{&quot;0&quot;:{&quot;@[DIFF]ID&quot;:&quot;79892d301e8ec56bbb6792651b017f0d9753fe37&quot;},&quot;1&quot;:{&quot;@[DIFF]ID&quot;:&quot;1caa37b3647600473e62fbf8e1ecebb4f2ff1637&quot;},&quot;2&quot;:{&quot;@[DIFF]ID&quot;:&quot;80cc2891cd4dab184cd79c2b21b6ae3a6bf4921c&quot;}},&quot;commandgroups&quot;:{&quot;0&quot;:{&quot;content&quot;:{&quot;0&quot;:{&quot;@[DIFF]ID&quot;:&quot;9859f37e513550b05f62892136c6039ba82e7428&quot;},&quot;1&quot;:{&quot;@[DIFF]ID&quot;:&quot;a420458be7cd821975265f50b0cd7a393a4af886&quot;},&quot;2&quot;:{&quot;@[DIFF]ID&quot;:&quot;6cdb766379d034c8b515935f05d711f15ae24a51&quot;},&quot;3&quot;:{&quot;@[DIFF]ID&quot;:&quot;7b21c22082bfa2c05dac17fe42c1a45d4095c028&quot;},&quot;4&quot;:{&quot;@[DIFF]ID&quot;:&quot;701407bd1d1648bcb9e547f9f822d67d3ccca8ef&quot;},&quot;5&quot;:{&quot;@[DIFF]ID&quot;:&quot;d32adcd79db62605a0bd0f99ccf51c1837872f4f&quot;}},&quot;@[DIFF]ID&quot;:&quot;6dc10a5b0e33e4b47db8d7286426fc277aa935a9&quot;}}}}</CONTENT>
      </DATA_ROW>
      <DATA_ROW>
        <OBJKEY>371200D7CD0F4C2684D16165C0D0F98E</OBJKEY>
        <SCOPE_ID>AptContext</SCOPE_ID>
        <DATA_ID>selector:AptLicensingSelector</DATA_ID>
        <ARTIFACT>selector</ARTIFACT>
        <NAME>AptLicensingSelector</NAME>
        <LINE_NO>99999</LINE_NO>
        <LAYER_NO>2</LAYER_NO>
        <VISIBILITY>Public</VISIBILITY>
        <REFERENCE/>
        <DEPENDENCIES/>
        <CONTENT>{&quot;name&quot;:&quot;AptLicensingSelector&quot;,&quot;label&quot;:&quot;[#[translatesys:Global Data:[AptContext].AptLicensing.selector.AptLicensingSelector.AptLicensingSelector:AptLicensingSelector:CONFIGCLIENT:AptLicensingSelector]#]&quot;,&quot;entity&quot;:&quot;AptLicensingOverview&quot;,&quot;content&quot;:[{&quot;elementType&quot;:&quot;field&quot;,&quot;field&quot;:{&quot;entity&quot;:&quot;AptLicensingOverview&quot;,&quot;datatype&quot;:&quot;Enumeration&quot;,&quot;required&quot;:false,&quot;control&quot;:&quot;field&quot;,&quot;label&quot;:&quot;[#[translatesys:Data Field:[AptContext].AptLicensing.selector.AptLicensingSelector.content.field.Cf_Client_Id:Cf_Client_Id:CONFIGCLIENT:Client]#]&quot;,&quot;attribute&quot;:&quot;Cf_Client_Id&quot;,&quot;name&quot;:&quot;Cf_Client_Id&quot;,&quot;editable&quot;:false,&quot;maxlength&quot;:200,&quot;enumeration&quot;:&quot;CfEnum_AptLicensingClient&quot;}},{&quot;elementType&quot;:&quot;field&quot;,&quot;field&quot;:{&quot;entity&quot;:&quot;AptLicensingOverview&quot;,&quot;datatype&quot;:&quot;Boolean&quot;,&quot;required&quot;:false,&quot;control&quot;:&quot;field&quot;,&quot;label&quot;:&quot;[#[translatesys:Data Field:[AptContext].AptLicensing.selector.AptLicensingSelector.content.field.Cf_Active:Cf_Active:CONFIGCLIENT:Active]#]&quot;,&quot;attribute&quot;:&quot;Cf_Active&quot;,&quot;name&quot;:&quot;Cf_Active&quot;,&quot;editable&quot;:false}},{&quot;elementType&quot;:&quot;field&quot;,&quot;field&quot;:{&quot;entity&quot;:&quot;AptLicensingOverview&quot;,&quot;datatype&quot;:&quot;Number&quot;,&quot;required&quot;:false,&quot;control&quot;:&quot;field&quot;,&quot;label&quot;:&quot;[#[translatesys:Data Field:[AptContext].AptLicensing.selector.AptLicensingSelector.content.field.Cf_License_Purchased:Cf_License_Purchased:CONFIGCLIENT:License Purchased]#]&quot;,&quot;attribute&quot;:&quot;Cf_License_Purchased&quot;,&quot;name&quot;:&quot;Cf_License_Purchased&quot;,&quot;editable&quot;:false}},{&quot;elementType&quot;:&quot;field&quot;,&quot;field&quot;:{&quot;entity&quot;:&quot;AptLicensingOverview&quot;,&quot;datatype&quot;:&quot;Number&quot;,&quot;required&quot;:false,&quot;control&quot;:&quot;field&quot;,&quot;label&quot;:&quot;[#[translatesys:Data Field:[AptContext].AptLicensing.selector.AptLicensingSelector.content.field.Cf_License_Consumed:Cf_License_Consumed:CONFIGCLIENT:License Consumed]#]&quot;,&quot;attribute&quot;:&quot;Cf_License_Consumed&quot;,&quot;name&quot;:&quot;Cf_License_Consumed&quot;,&quot;editable&quot;:false}}],&quot;@[DIFF]PACKED&quot;:{&quot;content&quot;:{&quot;0&quot;:{&quot;@[DIFF]ID&quot;:&quot;e254c8492a96d1836a1beee3c4c008538d26fb04&quot;},&quot;1&quot;:{&quot;@[DIFF]ID&quot;:&quot;e3b761d4cb5eb939fbfb27075dc733cef1d4d640&quot;},&quot;2&quot;:{&quot;@[DIFF]ID&quot;:&quot;d5232d65218fdbacba2346e6baf92e9cbd87c1b8&quot;},&quot;3&quot;:{&quot;@[DIFF]ID&quot;:&quot;208b676a5816c94664efbbb136ff805cfb597a62&quot;}}}}</CONTENT>
      </DATA_ROW>
    </DATA>
  </WEB_PAGE_BUNDLE>
</CUSTOM_OBJECT>
