<?xml version="1.0"?>
<CUSTOM_OBJECT>
  <NAME>AptLicensing</NAME>
  <TYPE>CUSTOM_PROJCONFIG</TYPE>
  <DESCRIPTION>--</DESCRIPTION>
  <CUSTOM_PROJCONFIG>
    <PROJECTION_NAME>AptLicensing</PROJECTION_NAME>
    <PUBLISHED>TRUE</PUBLISHED>
    <DEFINITION_MODIFIED_DATE>2024-10-02-10.50.02</DEFINITION_MODIFIED_DATE>
    <PUBLISHED_DATE>2024-10-02-10.50.02</PUBLISHED_DATE>
    <ROWKEY>5AE641F4FD944E96BF6D2032912E3179</ROWKEY>
    <CONFIGURATION_TYPE>CUSTOM</CONFIGURATION_TYPE>
    <PROJECTION_CONFIG_ENTITIES>
      <PROJECTION_CONFIG_ENTITIES_ROW>
        <PROJECTION_NAME>AptLicensing</PROJECTION_NAME>
        <CONFIG_ENTITY_NAME>AptLicensing</CONFIG_ENTITY_NAME>
        <CONFIG_ENTITYSET_NAME>AptLicensingSet</CONFIG_ENTITYSET_NAME>
        <LU_TYPE>CUSTOM</LU_TYPE>
        <OPERATIONS_ALLOWED>^READ^CREATE^UPDATE^DELETE^</OPERATIONS_ALLOWED>
        <USED>TRUE</USED>
        <WHERE_CLAUSE/>
        <CONFIG_LU_NAME>AptLicensing</CONFIG_LU_NAME>
        <FROM_VIEW>APT_LICENSING_CLV</FROM_VIEW>
        <DEFINITION_MODIFIED_DATE>2024-10-02-10.25.10</DEFINITION_MODIFIED_DATE>
        <ROWKEY>65E6D1961ACC4FAEB80F49C8F9F97BBD</ROWKEY>
      </PROJECTION_CONFIG_ENTITIES_ROW>
      <PROJECTION_CONFIG_ENTITIES_ROW>
        <PROJECTION_NAME>AptLicensing</PROJECTION_NAME>
        <CONFIG_ENTITY_NAME>AptLicensingOverview</CONFIG_ENTITY_NAME>
        <CONFIG_ENTITYSET_NAME>AptLicensingOverviewSet</CONFIG_ENTITYSET_NAME>
        <LU_TYPE>CUSTOM</LU_TYPE>
        <OPERATIONS_ALLOWED>^READ^CREATE^UPDATE^DELETE^</OPERATIONS_ALLOWED>
        <USED>TRUE</USED>
        <WHERE_CLAUSE/>
        <CONFIG_LU_NAME>AptLicensingOverview</CONFIG_LU_NAME>
        <FROM_VIEW>APT_LICENSING_OVERVIEW_CLV</FROM_VIEW>
        <DEFINITION_MODIFIED_DATE>2024-10-02-10.25.10</DEFINITION_MODIFIED_DATE>
        <ROWKEY>C86DA27EACD04E449B1859863945BA1A</ROWKEY>
      </PROJECTION_CONFIG_ENTITIES_ROW>
    </PROJECTION_CONFIG_ENTITIES>
    <PROJ_CONFIG_ENTASSOCS>
      <PROJ_CONFIG_ENTASSOCS_ROW>
        <PROJECTION_NAME>AptLicensing</PROJECTION_NAME>
        <ASSOCIATION_NAME>ClientId_to_ClientId</ASSOCIATION_NAME>
        <PARENT_ENTITY>AptLicensingOverview</PARENT_ENTITY>
        <CHILD_ENTITY>AptLicensing</CHILD_ENTITY>
        <USED>TRUE</USED>
        <DEFINITION_MODIFIED_DATE>2024-10-02-10.25.10</DEFINITION_MODIFIED_DATE>
        <ROWKEY>20F300EE30524D6F91630DAE65524B68</ROWKEY>
        <PROJ_CONFIG_ENTASSOC_KEYS>
          <PROJ_CONFIG_ENTASSOC_KEYS_ROW>
            <PROJECTION_NAME>AptLicensing</PROJECTION_NAME>
            <ASSOCIATION_NAME>ClientId_to_ClientId</ASSOCIATION_NAME>
            <PARENT_KEY>CLIENT_ID</PARENT_KEY>
            <CHILD_KEY>CLIENT_ID</CHILD_KEY>
            <DEFINITION_MODIFIED_DATE>2024-10-02-10.25.10</DEFINITION_MODIFIED_DATE>
            <ROWKEY>D5381B755B9442839B95969B8A3C8DAF</ROWKEY>
          </PROJ_CONFIG_ENTASSOC_KEYS_ROW>
        </PROJ_CONFIG_ENTASSOC_KEYS>
      </PROJ_CONFIG_ENTASSOCS_ROW>
    </PROJ_CONFIG_ENTASSOCS>
    <PROJ_CONFIG_ACTIONS>
  </PROJ_CONFIG_ACTIONS>
  </CUSTOM_PROJCONFIG>
</CUSTOM_OBJECT>
