<?xml version="1.0"?>
<PERMISSION_SET_EXPORT>
  <PERMISSION_SET>
    <ROLE>PLATNED_PASS_PERMISSION</ROLE>
    <DESCRIPTION/>
    <CREATED>2024-10-02-10.29.19</CREATED>
    <FND_ROLE_TYPE>ENDUSERROLE</FND_ROLE_TYPE>
    <LIMITED_TASK_USER>FALSE</LIMITED_TASK_USER>
    <FND_ROLE_DELIVERY_TYPE>CUSTOM</FND_ROLE_DELIVERY_TYPE>
    <SYSTEM_PRIVILEGE_GRANTS>
  </SYSTEM_PRIVILEGE_GRANTS>
    <PROJECTION_GRANTS>
      <PROJECTION_GRANTS_ROW>
        <PROJECTION>AptLicensing</PROJECTION>
        <ENTITY_GRANTS>
          <ENTITY_GRANTS_ROW>
            <ENTITY>AptLicensing</ENTITY>
            <CUD_ALLOWED>TRUE</CUD_ALLOWED>
            <ENTITY_ACTION_GRANTS>
      </ENTITY_ACTION_GRANTS>
          </ENTITY_GRANTS_ROW>
          <ENTITY_GRANTS_ROW>
            <ENTITY>AptLicensingOverview</ENTITY>
            <CUD_ALLOWED>TRUE</CUD_ALLOWED>
            <ENTITY_ACTION_GRANTS>
      </ENTITY_ACTION_GRANTS>
          </ENTITY_GRANTS_ROW>
        </ENTITY_GRANTS>
        <PROJECTION_ACTION_GRANTS>
    </PROJECTION_ACTION_GRANTS>
      </PROJECTION_GRANTS_ROW>
    </PROJECTION_GRANTS>
    <ROLE_GRANT>
      <ROLE_GRANT_ROW>
        <GRANTED_ROLE>IFS_ALL</GRANTED_ROLE>
      </ROLE_GRANT_ROW>
    </ROLE_GRANT>
    <WORKFLOW_GRANT>
  </WORKFLOW_GRANT>
    <LOBBY_PAGE_GRANTS>
  </LOBBY_PAGE_GRANTS>
    <LOBBY_PAGE_ELEMENT_GRANTS>
  </LOBBY_PAGE_ELEMENT_GRANTS>
    <LOBBY_DATA_SOURCE_GRANTS>
  </LOBBY_DATA_SOURCE_GRANTS>
    <DATABASE_TASK_AND_CHAIN_GRANTS>
  </DATABASE_TASK_AND_CHAIN_GRANTS>
    <ACTIVITY_GRANTS>
  </ACTIVITY_GRANTS>
    <USER_GRANT>
      <USER_GRANT_ROW>
        <IDENTITY>APTUSER</IDENTITY>
      </USER_GRANT_ROW>
      <USER_GRANT_ROW>
        <IDENTITY>APTUSER_SERVICE</IDENTITY>
      </USER_GRANT_ROW>
    </USER_GRANT>
    <USER_GROUP_GRANT>
  </USER_GROUP_GRANT>
    <HASH>3917869962</HASH>
  </PERMISSION_SET>
</PERMISSION_SET_EXPORT>
