<?xml version="1.0"?>
<CUSTOM_OBJECT>
  <NAME>ClientMetadata.client:AptLicensing</NAME>
  <TYPE>AURENA_PAGE_GROUP</TYPE>
  <DESCRIPTION>DESCRIPTION value</DESCRIPTION>
  <WEB_PAGE_BUNDLE>
    <CUSTPAGE_PAGE_NAME>AptLicensing</CUSTPAGE_PAGE_NAME>
    <CUSTPAGE_PROJECTION_NAME>AptLicensing</CUSTPAGE_PROJECTION_NAME>
    <CUSTPAGE_MODIFIED_DATE>2024-09-21-07.39.34</CUSTPAGE_MODIFIED_DATE>
    <CUSTPAGE_ROWKEY>F20D76768D4E4D3F8CC59273779DBC96</CUSTPAGE_ROWKEY>
    <MODEL_ID>ClientMetadata.client:AptLicensing</MODEL_ID>
    <DESCRIPTION>APT Licensing</DESCRIPTION>
    <ARTIFACT>client</ARTIFACT>
    <NAME>AptLicensing</NAME>
    <KIND>ClientMetadata</KIND>
    <REFERENCE>ClientMetadata.projection:AptLicensing</REFERENCE>
    <VERSION>2024-10-01-21.04.16</VERSION>
    <TEMPLATE>{&quot;name&quot;:&quot;AptLicensing&quot;,&quot;component&quot;: &quot;CONFIG&quot;,&quot;version&quot;:&quot;[#[generate:version]#]&quot;,&quot;id&quot;:&quot;ClientMetadata.client:AptLicensing&quot;,&quot;projection&quot;:[#[reference:projection:AptLicensing]#],&quot;layout&quot;:{&quot;commands&quot;: {[#[jsonnamedcontent:kind:command]#]},&quot;groups&quot;: {[#[jsonnamedcontent:kind:group]#]},&quot;lists&quot;: {[#[jsonnamedcontent:kind:list]#]},&quot;pages&quot;: {[#[jsonnamedcontent:kind:page]#]},&quot;selectors&quot;: {[#[jsonnamedcontent:kind:selector]#]}}}</TEMPLATE>
    <DATA>
      <DATA_ROW>
        <OBJKEY>852E22670F0E44ED952CF459100B83AF</OBJKEY>
        <SCOPE_ID>global</SCOPE_ID>
        <DATA_ID>command:CPEGEN_AptLicensingPage_NavigateTo_Custom_Enumeration</DATA_ID>
        <ARTIFACT>command</ARTIFACT>
        <NAME>CPEGEN_AptLicensingPage_NavigateTo_Custom_Enumeration</NAME>
        <LINE_NO>99999</LINE_NO>
        <LAYER_NO>2</LAYER_NO>
        <VISIBILITY>Public</VISIBILITY>
        <REFERENCE/>
        <DEPENDENCIES/>
        <CONTENT>{&quot;name&quot;:&quot;CPEGEN_AptLicensingPage_NavigateTo_Custom_Enumeration&quot;,&quot;label&quot;:&quot;[#[translatesys:Command:[global].AptLicensing.command.CPEGEN_AptLicensingPage_NavigateTo_Custom_Enumeration.$this:$this:CONFIGCLIENT:Custom Enumeration]#]&quot;,&quot;execute&quot;:[{&quot;call&quot;:{&quot;method&quot;:&quot;navigate&quot;,&quot;args&quot;:{&quot;url&quot;:&quot;https://cloud.platnedcloud.com/main/ifsapplications/web/page/EnumConfigHandling/CustomEnumerationPage;path=0.1656053651.1188772997.763550837;record=KEx1PSdBcHRMaWNlbnNpbmdDbGllbnQnKQ%3D%3D;$filter=%28startswith%28tolower%28Lu%29,&apos;aptlicensing&apos;%29%29&quot;}}}],&quot;context&quot;:&quot;record&quot;,&quot;enabled&quot;:true}</CONTENT>
      </DATA_ROW>
      <DATA_ROW>
        <OBJKEY>3602F2ED02C444A7B294893E4C7E8BC7</OBJKEY>
        <SCOPE_ID>global</SCOPE_ID>
        <DATA_ID>command:CPEGEN_AptLicensingPage_NavigateTo_Entity_Configuration</DATA_ID>
        <ARTIFACT>command</ARTIFACT>
        <NAME>CPEGEN_AptLicensingPage_NavigateTo_Entity_Configuration</NAME>
        <LINE_NO>99999</LINE_NO>
        <LAYER_NO>2</LAYER_NO>
        <VISIBILITY>Public</VISIBILITY>
        <REFERENCE/>
        <DEPENDENCIES/>
        <CONTENT>{&quot;name&quot;:&quot;CPEGEN_AptLicensingPage_NavigateTo_Entity_Configuration&quot;,&quot;label&quot;:&quot;[#[translatesys:Command:[global].AptLicensing.command.CPEGEN_AptLicensingPage_NavigateTo_Entity_Configuration.$this:$this:CONFIGCLIENT:Entity Configuration]#]&quot;,&quot;execute&quot;:[{&quot;call&quot;:{&quot;method&quot;:&quot;navigate&quot;,&quot;args&quot;:{&quot;url&quot;:&quot;https://cloud.platnedcloud.com/main/ifsapplications/web/page/EntityConfigHandling/CustomAttributesDetail;path=0.1656053651.1188772997.553140707.498609148;record=KEx1PSdBcHRMaWNlbnNpbmdPdmVydmlldycsTHVUeXBlPUlmc0FwcC5FbnRpdHlDb25maWdIYW5kbGluZy5DdXN0b21PYmplY3RzVHlwZSdDVVNUT01fTFUnKQ%3D%3D;$filter=%28contains%28tolower%28Lu%29,&apos;aptlicensing&apos;%29%29&quot;}}}],&quot;context&quot;:&quot;record&quot;,&quot;enabled&quot;:true}</CONTENT>
      </DATA_ROW>
      <DATA_ROW>
        <OBJKEY>79CB886E9843428B9BBD2493113EB2CF</OBJKEY>
        <SCOPE_ID>global</SCOPE_ID>
        <DATA_ID>command:CPEGEN_AptLicensingPage_NavigateTo_Projection_Configuration</DATA_ID>
        <ARTIFACT>command</ARTIFACT>
        <NAME>CPEGEN_AptLicensingPage_NavigateTo_Projection_Configuration</NAME>
        <LINE_NO>99999</LINE_NO>
        <LAYER_NO>2</LAYER_NO>
        <VISIBILITY>Public</VISIBILITY>
        <REFERENCE/>
        <DEPENDENCIES/>
        <CONTENT>{&quot;name&quot;:&quot;CPEGEN_AptLicensingPage_NavigateTo_Projection_Configuration&quot;,&quot;label&quot;:&quot;[#[translatesys:Command:[global].AptLicensing.command.CPEGEN_AptLicensingPage_NavigateTo_Projection_Configuration.$this:$this:CONFIGCLIENT:Projection Configuration]#]&quot;,&quot;execute&quot;:[{&quot;call&quot;:{&quot;method&quot;:&quot;navigate&quot;,&quot;args&quot;:{&quot;url&quot;:&quot;https://cloud.platnedcloud.com/main/ifsapplications/web/page/ProjectionConfigHandling/ProjectionConfigDetail;path=0.1656053651.1188772997.819806053.1415667873;record=KFByb2plY3Rpb25OYW1lPSdBcHRMaWNlbnNpbmcnKQ%3D%3D;$filter=%28startswith%28tolower%28ProjectionName%29,&apos;aptlicensing&apos;%29%29&quot;}}}],&quot;context&quot;:&quot;record&quot;,&quot;enabled&quot;:true}</CONTENT>
      </DATA_ROW>
      <DATA_ROW>
        <OBJKEY>504A305DDA75413788A40832F47354B1</OBJKEY>
        <SCOPE_ID>global</SCOPE_ID>
        <DATA_ID>command:CPEGEN_AptLicensingPage_NavigateTo__Application_Configuration_Package</DATA_ID>
        <ARTIFACT>command</ARTIFACT>
        <NAME>CPEGEN_AptLicensingPage_NavigateTo__Application_Configuration_Package</NAME>
        <LINE_NO>99999</LINE_NO>
        <LAYER_NO>2</LAYER_NO>
        <VISIBILITY>Public</VISIBILITY>
        <REFERENCE/>
        <DEPENDENCIES/>
        <CONTENT>{&quot;name&quot;:&quot;CPEGEN_AptLicensingPage_NavigateTo__Application_Configuration_Package&quot;,&quot;label&quot;:&quot;[#[translatesys:Command:[global].AptLicensing.command.CPEGEN_AptLicensingPage_NavigateTo__Application_Configuration_Package.$this:$this:CONFIGCLIENT: Application Configuration Package]#]&quot;,&quot;execute&quot;:[{&quot;call&quot;:{&quot;method&quot;:&quot;navigate&quot;,&quot;args&quot;:{&quot;url&quot;:&quot;https://cloud.platnedcloud.com/main/ifsapplications/web/page/AppConfigPackageHandling/ApplicationConfigurationPackagePage;path=0.1656053651.1188772997.1959103492.209999989;record=KFBhY2thZ2VJZD0nMkVGQzA1MTFBRjA4NEE1NDg4MjRCRTY0NTE1QzQwMDcnKQ%3D%3D;$filter=%28startswith%28tolower%28Name%29,&apos;apt%20configurations&apos;%29%29&quot;}}}],&quot;context&quot;:&quot;record&quot;,&quot;enabled&quot;:true}</CONTENT>
      </DATA_ROW>
      <DATA_ROW>
        <OBJKEY>72FB38D0BB7A41B1981E43AA008F607F</OBJKEY>
        <SCOPE_ID>global</SCOPE_ID>
        <DATA_ID>group:AptLicensingOverviewGroup</DATA_ID>
        <ARTIFACT>group</ARTIFACT>
        <NAME>AptLicensingOverviewGroup</NAME>
        <LINE_NO>99999</LINE_NO>
        <LAYER_NO>2</LAYER_NO>
        <VISIBILITY>Public</VISIBILITY>
        <REFERENCE/>
        <DEPENDENCIES/>
        <CONTENT>{&quot;content&quot;:[{&quot;elementType&quot;:&quot;field&quot;,&quot;field&quot;:{&quot;entity&quot;:&quot;AptLicensingOverview&quot;,&quot;datatype&quot;:&quot;Enumeration&quot;,&quot;required&quot;:true,&quot;control&quot;:&quot;field&quot;,&quot;label&quot;:&quot;[#[translatesys:Data Field:[global].AptLicensing.group.AptLicensingOverviewGroup.content.field.Cf_Client_Id:Cf_Client_Id:CONFIGCLIENT:Client]#]&quot;,&quot;attribute&quot;:&quot;Cf_Client_Id&quot;,&quot;name&quot;:&quot;Cf_Client_Id&quot;,&quot;editable&quot;:true,&quot;maxlength&quot;:200,&quot;enumeration&quot;:&quot;CfEnum_AptLicensingClient&quot;}},{&quot;elementType&quot;:&quot;field&quot;,&quot;field&quot;:{&quot;entity&quot;:&quot;AptLicensingOverview&quot;,&quot;datatype&quot;:&quot;Boolean&quot;,&quot;required&quot;:true,&quot;control&quot;:&quot;field&quot;,&quot;label&quot;:&quot;[#[translatesys:Data Field:[global].AptLicensing.group.AptLicensingOverviewGroup.content.field.Cf_Active:Cf_Active:CONFIGCLIENT:Active]#]&quot;,&quot;attribute&quot;:&quot;Cf_Active&quot;,&quot;name&quot;:&quot;Cf_Active&quot;,&quot;editable&quot;:true}},{&quot;elementType&quot;:&quot;field&quot;,&quot;field&quot;:{&quot;entity&quot;:&quot;AptLicensingOverview&quot;,&quot;datatype&quot;:&quot;Number&quot;,&quot;required&quot;:false,&quot;control&quot;:&quot;field&quot;,&quot;label&quot;:&quot;[#[translatesys:Data Field:[global].AptLicensing.group.AptLicensingOverviewGroup.content.field.Cf_License_Purchased:Cf_License_Purchased:CONFIGCLIENT:License Purchased]#]&quot;,&quot;attribute&quot;:&quot;Cf_License_Purchased&quot;,&quot;name&quot;:&quot;Cf_License_Purchased&quot;,&quot;editable&quot;:true}},{&quot;elementType&quot;:&quot;field&quot;,&quot;field&quot;:{&quot;entity&quot;:&quot;AptLicensingOverview&quot;,&quot;datatype&quot;:&quot;Number&quot;,&quot;required&quot;:false,&quot;control&quot;:&quot;field&quot;,&quot;label&quot;:&quot;[#[translatesys:Data Field:[global].AptLicensing.group.AptLicensingOverviewGroup.content.field.Cf_License_Consumed:Cf_License_Consumed:CONFIGCLIENT:License Consumed]#]&quot;,&quot;attribute&quot;:&quot;Cf_License_Consumed&quot;,&quot;name&quot;:&quot;Cf_License_Consumed&quot;,&quot;editable&quot;:false}}],&quot;name&quot;:&quot;AptLicensingOverviewGroup&quot;,&quot;label&quot;:&quot;[#[translatesys:Group Box:[global].AptLicensing.group.AptLicensingOverviewGroup.$this:$this:CONFIGCLIENT:APT Licensing Summary]#]&quot;,&quot;collapsed&quot;:false,&quot;visible&quot;:true,&quot;showLabel&quot;:false,&quot;entity&quot;:&quot;AptLicensingOverview&quot;,&quot;@[DIFF]PACKED&quot;:{&quot;content&quot;:{&quot;0&quot;:{&quot;@[DIFF]ID&quot;:&quot;1cde13b1d4ea9550f472df3829bad23721187349&quot;},&quot;1&quot;:{&quot;@[DIFF]ID&quot;:&quot;8b2b7c0232e3ab150f10d47fc2217c2c5df869e7&quot;},&quot;2&quot;:{&quot;@[DIFF]ID&quot;:&quot;6faa52386c3f844f4b0f33ca1a0bdf9715b18b90&quot;},&quot;3&quot;:{&quot;@[DIFF]ID&quot;:&quot;208b676a5816c94664efbbb136ff805cfb597a62&quot;}}}}</CONTENT>
      </DATA_ROW>
      <DATA_ROW>
        <OBJKEY>ACEA1A31C63E4A6EAF7DBDD32D15E889</OBJKEY>
        <SCOPE_ID>global</SCOPE_ID>
        <DATA_ID>list:AptLicensingList</DATA_ID>
        <ARTIFACT>list</ARTIFACT>
        <NAME>AptLicensingList</NAME>
        <LINE_NO>99999</LINE_NO>
        <LAYER_NO>2</LAYER_NO>
        <VISIBILITY>Public</VISIBILITY>
        <REFERENCE/>
        <DEPENDENCIES/>
        <CONTENT>{&quot;name&quot;:&quot;AptLicensingList&quot;,&quot;label&quot;:&quot;[#[translatesys:Table Window:[global].AptLicensing.list.AptLicensingList.$this:$this:CONFIGCLIENT:APT Licensing]#]&quot;,&quot;entity&quot;:&quot;AptLicensing&quot;,&quot;visible&quot;:true,&quot;content&quot;:[{&quot;elementType&quot;:&quot;field&quot;,&quot;field&quot;:{&quot;entity&quot;:&quot;AptLicensing&quot;,&quot;datatype&quot;:&quot;Boolean&quot;,&quot;required&quot;:false,&quot;control&quot;:&quot;field&quot;,&quot;label&quot;:&quot;[#[translatesys:Data Field:[global].AptLicensing.list.AptLicensingList.content.field.Cf_Active:Cf_Active:CONFIGCLIENT:Active]#]&quot;,&quot;attribute&quot;:&quot;Cf_Active&quot;,&quot;name&quot;:&quot;Cf_Active&quot;,&quot;editable&quot;:true}},{&quot;elementType&quot;:&quot;field&quot;,&quot;field&quot;:{&quot;entity&quot;:&quot;AptLicensing&quot;,&quot;datatype&quot;:&quot;Enumeration&quot;,&quot;required&quot;:false,&quot;control&quot;:&quot;field&quot;,&quot;label&quot;:&quot;[#[translatesys:Data Field:[global].AptLicensing.list.AptLicensingList.content.field.Cf_Client_Id:Cf_Client_Id:CONFIGCLIENT:Client]#]&quot;,&quot;attribute&quot;:&quot;Cf_Client_Id&quot;,&quot;name&quot;:&quot;Cf_Client_Id&quot;,&quot;editable&quot;:false,&quot;maxlength&quot;:200,&quot;enumeration&quot;:&quot;CfEnum_AptLicensingClient&quot;}},{&quot;elementType&quot;:&quot;field&quot;,&quot;field&quot;:{&quot;entity&quot;:&quot;AptLicensing&quot;,&quot;datatype&quot;:&quot;Date&quot;,&quot;required&quot;:true,&quot;control&quot;:&quot;field&quot;,&quot;label&quot;:&quot;[#[translatesys:Data Field:[global].AptLicensing.list.AptLicensingList.content.field.Cf_Purchase_Date:Cf_Purchase_Date:CONFIGCLIENT:Purchase Date]#]&quot;,&quot;attribute&quot;:&quot;Cf_Purchase_Date&quot;,&quot;name&quot;:&quot;Cf_Purchase_Date&quot;,&quot;editable&quot;:true}},{&quot;elementType&quot;:&quot;field&quot;,&quot;field&quot;:{&quot;entity&quot;:&quot;AptLicensing&quot;,&quot;datatype&quot;:&quot;Date&quot;,&quot;required&quot;:true,&quot;control&quot;:&quot;field&quot;,&quot;label&quot;:&quot;[#[translatesys:Data Field:[global].AptLicensing.list.AptLicensingList.content.field.Cf_Expiry_Date:Cf_Expiry_Date:CONFIGCLIENT:Expiry Date]#]&quot;,&quot;attribute&quot;:&quot;Cf_Expiry_Date&quot;,&quot;name&quot;:&quot;Cf_Expiry_Date&quot;,&quot;editable&quot;:true}},{&quot;elementType&quot;:&quot;field&quot;,&quot;field&quot;:{&quot;entity&quot;:&quot;AptLicensing&quot;,&quot;datatype&quot;:&quot;Text&quot;,&quot;required&quot;:true,&quot;control&quot;:&quot;field&quot;,&quot;label&quot;:&quot;[#[translatesys:Data Field:[global].AptLicensing.list.AptLicensingList.content.field.Cf_License_Key:Cf_License_Key:CONFIGCLIENT:License Key]#]&quot;,&quot;attribute&quot;:&quot;Cf_License_Key&quot;,&quot;name&quot;:&quot;Cf_License_Key&quot;,&quot;editable&quot;:false,&quot;maxlength&quot;:20,&quot;format&quot;:&quot;uppercase&quot;}},{&quot;elementType&quot;:&quot;field&quot;,&quot;field&quot;:{&quot;entity&quot;:&quot;AptLicensing&quot;,&quot;datatype&quot;:&quot;Text&quot;,&quot;required&quot;:false,&quot;control&quot;:&quot;field&quot;,&quot;label&quot;:&quot;[#[translatesys:Data Field:[global].AptLicensing.list.AptLicensingList.content.field.Cf_Mac_Address:Cf_Mac_Address:CONFIGCLIENT:MAC Address]#]&quot;,&quot;attribute&quot;:&quot;Cf_Mac_Address&quot;,&quot;name&quot;:&quot;Cf_Mac_Address&quot;,&quot;editable&quot;:true,&quot;maxlength&quot;:50}}],&quot;orderby&quot;:[{&quot;Cf_Active&quot;:&quot;&apos;asc&apos;&quot;},{&quot;Cf_Expiry_Date&quot;:&quot;desc&quot;}],&quot;summary&quot;:[&quot;Cf_License_Purchased&quot;,&quot;Cf_License_Consumed&quot;],&quot;@[DIFF]PACKED&quot;:{&quot;content&quot;:{&quot;0&quot;:{&quot;@[DIFF]ID&quot;:&quot;7d7f726f53badfa3e10555b8a1cb8c3be40c13ce&quot;},&quot;1&quot;:{&quot;@[DIFF]ID&quot;:&quot;afe801bd9b1bda92dba1e7ce2bbf88d243ce9621&quot;},&quot;2&quot;:{&quot;@[DIFF]ID&quot;:&quot;a0ae6201444792a58629b96a3121d1642bbc5f06&quot;},&quot;3&quot;:{&quot;@[DIFF]ID&quot;:&quot;19bb082ff8bd15bf2f826c65df55f221940a26cb&quot;},&quot;4&quot;:{&quot;@[DIFF]ID&quot;:&quot;e96dad254ca1e5c1b55bc3492489f9d4e2103d58&quot;},&quot;5&quot;:{&quot;@[DIFF]ID&quot;:&quot;299799603422ccdc914a69a58dae327858aeb33e&quot;}},&quot;orderby&quot;:{&quot;0&quot;:{&quot;@[DIFF]ID&quot;:&quot;535c3001aaae9307daae192e1467b64126937576&quot;},&quot;1&quot;:{&quot;@[DIFF]ID&quot;:&quot;535c3001aaae9307daae192e1467b64126937576&quot;}}}}</CONTENT>
      </DATA_ROW>
      <DATA_ROW>
        <OBJKEY>EA4BEC3410464F6790524BC80D6D9A50</OBJKEY>
        <SCOPE_ID>global</SCOPE_ID>
        <DATA_ID>page:AptLicensingPage</DATA_ID>
        <ARTIFACT>page</ARTIFACT>
        <NAME>AptLicensingPage</NAME>
        <LINE_NO>99999</LINE_NO>
        <LAYER_NO>2</LAYER_NO>
        <VISIBILITY>Public</VISIBILITY>
        <REFERENCE/>
        <DEPENDENCIES/>
        <CONTENT>{&quot;name&quot;:&quot;AptLicensingPage&quot;,&quot;label&quot;:&quot;[#[translatesys:Form Window:[global].AptLicensing.page.AptLicensingPage.$this:$this:CONFIGCLIENT:APT Licensing]#]&quot;,&quot;datasourceProjection&quot;:&quot;AptLicensing&quot;,&quot;entity&quot;:&quot;AptLicensingOverview&quot;,&quot;crudactions&quot;:{&quot;delete&quot;:{&quot;enabled&quot;:true},&quot;duplicate&quot;:{&quot;enabled&quot;:true},&quot;edit&quot;:{&quot;enabled&quot;:true},&quot;new&quot;:{&quot;enabled&quot;:true},&quot;copy&quot;:{&quot;enabled&quot;:true},&quot;paste&quot;:{&quot;enabled&quot;:true},&quot;savemode&quot;:&quot;default&quot;},&quot;datasourceEntitySet&quot;:&quot;AptLicensingOverviewSet&quot;,&quot;content&quot;:[{&quot;elementType&quot;:&quot;selector&quot;,&quot;isReference&quot;:true,&quot;selector&quot;:&quot;AptLicensingSelector&quot;},{&quot;elementType&quot;:&quot;group&quot;,&quot;isReference&quot;:true,&quot;group&quot;:&quot;AptLicensingOverviewGroup&quot;},{&quot;elementType&quot;:&quot;list&quot;,&quot;isReference&quot;:true,&quot;list&quot;:&quot;AptLicensingList&quot;,&quot;datasource&quot;:&quot;AptLicensing.svc/Reference_AptLicensing&quot;,&quot;binding&quot;:{&quot;bindname&quot;:&quot;AptLicensingSelector&quot;,&quot;property&quot;:&quot;ClientId_to_ClientId&quot;}}],&quot;commands&quot;:[&quot;CPEGEN_AptLicensingPage_NavigateTo_Projection_Configuration&quot;,&quot;CPEGEN_AptLicensingPage_NavigateTo_Entity_Configuration&quot;,&quot;CPEGEN_AptLicensingPage_NavigateTo_Custom_Enumeration&quot;,&quot;CPEGEN_AptLicensingPage_NavigateTo__Application_Configuration_Package&quot;],&quot;commandgroups&quot;:[{&quot;type&quot;:&quot;commandgroup&quot;,&quot;name&quot;:&quot;CPEGEN_CommandGroup&quot;,&quot;content&quot;:[{&quot;type&quot;:&quot;command&quot;,&quot;name&quot;:&quot;CPEGEN_AptLicensingPage_NavigateTo_Projection_Configuration&quot;}],&quot;commands&quot;:[&quot;CPEGEN_AptLicensingPage_NavigateTo_Projection_Configuration&quot;]},{&quot;type&quot;:&quot;commandgroup&quot;,&quot;name&quot;:&quot;CPEGEN_CommandGroup&quot;,&quot;content&quot;:[{&quot;type&quot;:&quot;command&quot;,&quot;name&quot;:&quot;CPEGEN_AptLicensingPage_NavigateTo_Entity_Configuration&quot;}],&quot;commands&quot;:[&quot;CPEGEN_AptLicensingPage_NavigateTo_Entity_Configuration&quot;]},{&quot;type&quot;:&quot;commandgroup&quot;,&quot;name&quot;:&quot;CPEGEN_CommandGroup&quot;,&quot;content&quot;:[{&quot;type&quot;:&quot;command&quot;,&quot;name&quot;:&quot;CPEGEN_AptLicensingPage_NavigateTo_Custom_Enumeration&quot;}],&quot;commands&quot;:[&quot;CPEGEN_AptLicensingPage_NavigateTo_Custom_Enumeration&quot;]},{&quot;type&quot;:&quot;commandgroup&quot;,&quot;name&quot;:&quot;CPEGEN_CommandGroup&quot;,&quot;content&quot;:[{&quot;type&quot;:&quot;command&quot;,&quot;name&quot;:&quot;CPEGEN_AptLicensingPage_NavigateTo__Application_Configuration_Package&quot;}],&quot;commands&quot;:[&quot;CPEGEN_AptLicensingPage_NavigateTo__Application_Configuration_Package&quot;]}],&quot;@[DIFF]PACKED&quot;:{&quot;content&quot;:{&quot;0&quot;:{&quot;@[DIFF]ID&quot;:&quot;79892d301e8ec56bbb6792651b017f0d9753fe37&quot;},&quot;1&quot;:{&quot;@[DIFF]ID&quot;:&quot;1caa37b3647600473e62fbf8e1ecebb4f2ff1637&quot;},&quot;2&quot;:{&quot;@[DIFF]ID&quot;:&quot;80cc2891cd4dab184cd79c2b21b6ae3a6bf4921c&quot;}},&quot;commandgroups&quot;:{&quot;0&quot;:{&quot;content&quot;:{&quot;0&quot;:{&quot;@[DIFF]ID&quot;:&quot;9859f37e513550b05f62892136c6039ba82e7428&quot;}},&quot;@[DIFF]ID&quot;:&quot;6ef14722933d938754b18190045da21c13060457&quot;},&quot;1&quot;:{&quot;content&quot;:{&quot;0&quot;:{&quot;@[DIFF]ID&quot;:&quot;6cdb766379d034c8b515935f05d711f15ae24a51&quot;}},&quot;@[DIFF]ID&quot;:&quot;13edb1d291ae0c5366c77f79a54d639d6086cbd1&quot;},&quot;2&quot;:{&quot;content&quot;:{&quot;0&quot;:{&quot;@[DIFF]ID&quot;:&quot;7b21c22082bfa2c05dac17fe42c1a45d4095c028&quot;}},&quot;@[DIFF]ID&quot;:&quot;9f91dd97a08fc4ce46cc2e26bf135ea8cf1e3879&quot;}}}}</CONTENT>
      </DATA_ROW>
      <DATA_ROW>
        <OBJKEY>1DF61CB53C374A4EAF0EE474385F0AD9</OBJKEY>
        <SCOPE_ID>global</SCOPE_ID>
        <DATA_ID>selector:AptLicensingSelector</DATA_ID>
        <ARTIFACT>selector</ARTIFACT>
        <NAME>AptLicensingSelector</NAME>
        <LINE_NO>99999</LINE_NO>
        <LAYER_NO>2</LAYER_NO>
        <VISIBILITY>Public</VISIBILITY>
        <REFERENCE/>
        <DEPENDENCIES/>
        <CONTENT>{&quot;name&quot;:&quot;AptLicensingSelector&quot;,&quot;label&quot;:&quot;[#[translatesys:Global Data:[global].AptLicensing.selector.AptLicensingSelector.AptLicensingSelector:AptLicensingSelector:CONFIGCLIENT:APT Licensing]#]&quot;,&quot;entity&quot;:&quot;AptLicensingOverview&quot;,&quot;content&quot;:[{&quot;elementType&quot;:&quot;field&quot;,&quot;field&quot;:{&quot;entity&quot;:&quot;AptLicensingOverview&quot;,&quot;datatype&quot;:&quot;Enumeration&quot;,&quot;required&quot;:false,&quot;control&quot;:&quot;field&quot;,&quot;label&quot;:&quot;[#[translatesys:Data Field:[global].AptLicensing.selector.AptLicensingSelector.content.field.Cf_Client_Id:Cf_Client_Id:CONFIGCLIENT:Client]#]&quot;,&quot;attribute&quot;:&quot;Cf_Client_Id&quot;,&quot;name&quot;:&quot;Cf_Client_Id&quot;,&quot;editable&quot;:false,&quot;maxlength&quot;:200,&quot;enumeration&quot;:&quot;CfEnum_AptLicensingClient&quot;}},{&quot;elementType&quot;:&quot;field&quot;,&quot;field&quot;:{&quot;entity&quot;:&quot;AptLicensing&quot;,&quot;datatype&quot;:&quot;Boolean&quot;,&quot;required&quot;:false,&quot;control&quot;:&quot;field&quot;,&quot;label&quot;:&quot;[#[translatesys:Data Field:[global].AptLicensing.selector.AptLicensingSelector.content.field.Cf_Active:Cf_Active:CONFIGCLIENT:Active]#]&quot;,&quot;attribute&quot;:&quot;Cf_Active&quot;,&quot;name&quot;:&quot;Cf_Active&quot;,&quot;editable&quot;:false}},{&quot;elementType&quot;:&quot;field&quot;,&quot;field&quot;:{&quot;entity&quot;:&quot;AptLicensingOverview&quot;,&quot;datatype&quot;:&quot;Number&quot;,&quot;required&quot;:false,&quot;control&quot;:&quot;field&quot;,&quot;label&quot;:&quot;[#[translatesys:Data Field:[global].AptLicensing.selector.AptLicensingSelector.content.field.Cf_License_Purchased:Cf_License_Purchased:CONFIGCLIENT:License Purchased]#]&quot;,&quot;attribute&quot;:&quot;Cf_License_Purchased&quot;,&quot;name&quot;:&quot;Cf_License_Purchased&quot;,&quot;editable&quot;:true}},{&quot;elementType&quot;:&quot;field&quot;,&quot;field&quot;:{&quot;entity&quot;:&quot;AptLicensingOverview&quot;,&quot;datatype&quot;:&quot;Number&quot;,&quot;required&quot;:false,&quot;control&quot;:&quot;field&quot;,&quot;label&quot;:&quot;[#[translatesys:Data Field:[global].AptLicensing.selector.AptLicensingSelector.content.field.Cf_License_Consumed:Cf_License_Consumed:CONFIGCLIENT:License Consumed]#]&quot;,&quot;attribute&quot;:&quot;Cf_License_Consumed&quot;,&quot;name&quot;:&quot;Cf_License_Consumed&quot;,&quot;editable&quot;:false}}],&quot;@[DIFF]PACKED&quot;:{&quot;content&quot;:{&quot;0&quot;:{&quot;@[DIFF]ID&quot;:&quot;e254c8492a96d1836a1beee3c4c008538d26fb04&quot;},&quot;1&quot;:{&quot;@[DIFF]ID&quot;:&quot;2b24e12741ea814202d4d2ae6623610c11a54a35&quot;},&quot;2&quot;:{&quot;@[DIFF]ID&quot;:&quot;6faa52386c3f844f4b0f33ca1a0bdf9715b18b90&quot;},&quot;3&quot;:{&quot;@[DIFF]ID&quot;:&quot;208b676a5816c94664efbbb136ff805cfb597a62&quot;}}}}</CONTENT>
      </DATA_ROW>
    </DATA>
  </WEB_PAGE_BUNDLE>
</CUSTOM_OBJECT>
