<?xml version="1.0"?>
<CUSTOM_OBJECT>
  <NAME>AptLicensing</NAME>
  <TYPE>CUSTOM_PROJECTION</TYPE>
  <DESCRIPTION>--</DESCRIPTION>
  <CUSTOM_PROJECTION>
    <PROJECTION_NAME>AptLicensing</PROJECTION_NAME>
    <PROJECTION_PACKAGE>APT_LICENSING_SVC</PROJECTION_PACKAGE>
    <CATEGORY>Users,ExternalB2B</CATEGORY>
    <DESCRIPTION>APT Licensing</DESCRIPTION>
    <PUBLISHED>TRUE</PUBLISHED>
    <DEFINITION_MODIFIED_DATE>2024-09-21-07.38.44</DEFINITION_MODIFIED_DATE>
    <PUBLISHED_DATE>2024-09-21-10.22.41</PUBLISHED_DATE>
    <DEFAULT_CREATED/>
    <DEFAULT_FOR_TYPE/>
    <ROWKEY>1D1FCC299D264E49B0D8A121F057541C</ROWKEY>
  </CUSTOM_PROJECTION>
</CUSTOM_OBJECT>
