<?xml version="1.0"?>
<CUSTOM_OBJECT>
  <NAME>AptLicensing</NAME>
  <TYPE>CUSTOM_PROJCONFIG</TYPE>
  <DESCRIPTION>--</DESCRIPTION>
  <CUSTOM_PROJCONFIG>
    <PROJECTION_NAME>AptLicensing</PROJECTION_NAME>
    <PUBLISHED>TRUE</PUBLISHED>
    <DEFINITION_MODIFIED_DATE>2024-09-21-10.22.41</DEFINITION_MODIFIED_DATE>
    <PUBLISHED_DATE>2024-09-21-10.22.41</PUBLISHED_DATE>
    <ROWKEY>54BAC82AEA74458B8675A974A17C49AA</ROWKEY>
    <CONFIGURATION_TYPE>CUSTOM</CONFIGURATION_TYPE>
    <PROJECTION_CONFIG_ENTITIES>
      <PROJECTION_CONFIG_ENTITIES_ROW>
        <PROJECTION_NAME>AptLicensing</PROJECTION_NAME>
        <CONFIG_ENTITY_NAME>AptLicensing</CONFIG_ENTITY_NAME>
        <CONFIG_ENTITYSET_NAME>AptLicensingSet</CONFIG_ENTITYSET_NAME>
        <LU_TYPE>CUSTOM</LU_TYPE>
        <OPERATIONS_ALLOWED>^READ^CREATE^UPDATE^DELETE^</OPERATIONS_ALLOWED>
        <USED>TRUE</USED>
        <WHERE_CLAUSE/>
        <CONFIG_LU_NAME>AptLicensing</CONFIG_LU_NAME>
        <FROM_VIEW>APT_LICENSING_CLV</FROM_VIEW>
        <DEFINITION_MODIFIED_DATE>2024-09-21-07.38.44</DEFINITION_MODIFIED_DATE>
        <ROWKEY>169FA8FCF22A424EAA1D5F9F2DFA1FE4</ROWKEY>
      </PROJECTION_CONFIG_ENTITIES_ROW>
      <PROJECTION_CONFIG_ENTITIES_ROW>
        <PROJECTION_NAME>AptLicensing</PROJECTION_NAME>
        <CONFIG_ENTITY_NAME>AptLicensingOverview</CONFIG_ENTITY_NAME>
        <CONFIG_ENTITYSET_NAME>AptLicensingOverviewSet</CONFIG_ENTITYSET_NAME>
        <LU_TYPE>CUSTOM</LU_TYPE>
        <OPERATIONS_ALLOWED>^READ^CREATE^UPDATE^DELETE^</OPERATIONS_ALLOWED>
        <USED>TRUE</USED>
        <WHERE_CLAUSE/>
        <CONFIG_LU_NAME>AptLicensingOverview</CONFIG_LU_NAME>
        <FROM_VIEW>APT_LICENSING_OVERVIEW_CLV</FROM_VIEW>
        <DEFINITION_MODIFIED_DATE>2024-09-21-09.24.41</DEFINITION_MODIFIED_DATE>
        <ROWKEY>4C702E5AB966451983BBE5AE031EF468</ROWKEY>
      </PROJECTION_CONFIG_ENTITIES_ROW>
    </PROJECTION_CONFIG_ENTITIES>
    <PROJ_CONFIG_ENTASSOCS>
      <PROJ_CONFIG_ENTASSOCS_ROW>
        <PROJECTION_NAME>AptLicensing</PROJECTION_NAME>
        <ASSOCIATION_NAME>ClientId_to_ClientId</ASSOCIATION_NAME>
        <PARENT_ENTITY>AptLicensingOverview</PARENT_ENTITY>
        <CHILD_ENTITY>AptLicensing</CHILD_ENTITY>
        <USED>TRUE</USED>
        <DEFINITION_MODIFIED_DATE>2024-09-21-09.25.35</DEFINITION_MODIFIED_DATE>
        <ROWKEY>88277CE7CEBD4BD1857FD8B4B856C7C2</ROWKEY>
        <PROJ_CONFIG_ENTASSOC_KEYS>
          <PROJ_CONFIG_ENTASSOC_KEYS_ROW>
            <PROJECTION_NAME>AptLicensing</PROJECTION_NAME>
            <ASSOCIATION_NAME>ClientId_to_ClientId</ASSOCIATION_NAME>
            <PARENT_KEY>CLIENT_ID</PARENT_KEY>
            <CHILD_KEY>CLIENT_ID</CHILD_KEY>
            <DEFINITION_MODIFIED_DATE>2024-09-21-10.22.37</DEFINITION_MODIFIED_DATE>
            <ROWKEY>4FA376644E604BA7821C39D70357D924</ROWKEY>
          </PROJ_CONFIG_ENTASSOC_KEYS_ROW>
        </PROJ_CONFIG_ENTASSOC_KEYS>
      </PROJ_CONFIG_ENTASSOCS_ROW>
    </PROJ_CONFIG_ENTASSOCS>
    <PROJ_CONFIG_ACTIONS>
  </PROJ_CONFIG_ACTIONS>
  </CUSTOM_PROJCONFIG>
</CUSTOM_OBJECT>
